List,Code,ISIN Code,Market,Compartment,Country of Incorporation,Delisted,Notes
1000MERCIS,ALMIL,FR0010285965,Euronext GROWTH*,,France,No,
2CRSI ,2CRSI,FR0013341781,EURONEXT,C,France,No,
A2MICILE,,FR0010795476,Euronext GROWTH*,,France,Yes,Radiation - Delisted 23/04/2018
AB SCIENCE,AB,FR0010557264,EURONEXT,B,France,No,
ABC ARBITRAGE,ABCA,FR0004040608,EURONEXT,B,France,No,
ABEO SA,ABEO,FR0013185857,EURONEXT,c,France,No,
ABIVAX,ABVX,FR0012333284,EURONEXT,B,France,No,
ACTEOS,EOS,FR0000076861,EURONEXT,C,France,No,
ACTIA,ATI,FR0000076655,EURONEXT,C,France,No,
ACTIPLAY (GROUPE) ( ex - CONCOURSMANIA),ALACT,FR0011038348,Euronext GROWTH*,,France,No,
ADEUNIS,ALARF,FR0013284627,Euronext GROWTH*,,France,No,
ADL PARTNER,ALP,FR0000062978,EURONEXT,C,France,No,
ADOCIA,ADOC,FR0011184241,EURONEXT,C,France,No,
ADOMOS,ALADO,FR0013247244,Euronext GROWTH*,,France,No,
ADTHINK,ALADM,FR0010457531,Euronext GROWTH*,,France,No,
ADUX,ADUX,FR0012821890,EURONEXT,C,France,No,
ADVICENNE,ADVIC,FR0013296746,Euronext GROWTH*,,France,No,
ADVINI,ADVI,FR0000053043,EURONEXT,C,France,No,
AG3i,MLAGI,FR0011908045,Euronext Access**,,France,No,
AIR MARINE,MLAIM,FR0013285103,Euronext Access**,,France,No,
ALBIOMA,ABIO,FR0000060402,EURONEXT,B,France,No,
ALES GROUPE,ALPHY,FR0000054652,Euronext GROWTH*,,France,No,
ALPHA M.O.S,ALM,FR0000062804,EURONEXT,C,France,No,
ALTUR Investissemnt - ex TURENNE INVESTISSMENT,ALTUR,FR0010395681,EURONEXT,C,France,No,
AMOEBA,AMEBA,FR0011051598,EURONEXT,C,France,No,
AMPLITUDE SURGICAL,AMPLI,FR0012789667,EURONEXT,B,France,No,
ANEVIA,ALANV,FR0011910652,Euronext GROWTH*,,France,No,
ANTEVENIO,ALANT,ES0109429037,Euronext GROWTH*,,Espagne,No,
AQUILA,ALAQU,FR0010340711,Euronext GROWTH*,,France,No,
ARCHOS,JXR,FR0000182479,EURONEXT,C,France,No,
ARTPRICE.COM,PRC,FR0000074783,EURONEXT,C,France,No,
ASHLEY & MANSON,MLAEM,FR0012968485,Euronext Access**,,France,No,
AST GROUPE,ASP,FR0000076887,EURONEXT,C,France,No,
ASTELLIA,,FR0004176535,Euronext GROWTH*,,France,Yes,Radiation - Delisted 08/03/2018
ATARI,ATA,FR0010478248,EURONEXT,C,France,No,
ATEME,ATEME,FR0011992700,EURONEXT,C,France,No,
ATENOR GROUP,ATEB,BE0003837540,EURONEXT,B,Belgium,No,
AUBAY S.A.,AUB,FR0000063737,EURONEXT,C,France,No,
AUDIOVALLEY S.A,AUB,FR0000063737,Euronext GROWTH*,,France,No,
AUPLATA,ALAUP,FR0010397760,Euronext GROWTH*,,France,No,
AUREA,AURE,FR0000039232,EURONEXT,C,France,No,
AURES TECHNOLOGIES,AURS,FR0013183589,EURONEXT,C,France,No,
AUSY,,FR0000072621,EURONEXT,C,France,Yes,Radiation - Delisted 23/02/2017
AVENIR FINANCE,ADV,FR0004152874,EURONEXT,C,France,No,
AWOX,AWOX,FR0011800218,EURONEXT,C,France,No,
BAIKOWSKI,ALBKK,FR0013384369,Euronext GROWTH*,,France,No,
BALYO,BALYO,FR0013258399,EURONEXT,C,France,No,
BARBARA BUI,BUI,FR0000062788,EURONEXT,C,France,No,
BARCO,BAR,BE0003790079,EURONEXT,B,Belgium,No,
BASTIDE LE CONFORT,BLC,FR0000035370,EURONEXT,C,France,No,
BD MULTIMEDIA,ALBDM,FR0000035305,Euronext GROWTH*,,France,No,
BE Semiconductor,#N/A,NL0000339760,EURONEXT,B,Netherlands,No,
BIGBEN INTERACTIVE,BIG,FR0000074072,EURONEXT,C,France,No,
BILENDI,ALBLD,FR0004174233,Euronext GROWTH*,,France,No,
BIOCORP,ALCOR,FR0012788065,Euronext GROWTH*,,France,No,
BIOM UP SA,BUP,FR0013284080,EURONEXT,C,France,No,
BIOPHYTIS,ALBPS,FR0012816825,Euronext GROWTH*,,France,No,
BIOSYNEX,ALBIO,FR0011005933,Euronext GROWTH*,,France,No,
BIO-UV GROUP,ALTUV,FR0013345493,Euronext GROWTH*,,France,No,
BLUELINEA,ALBLU,FR0011041011,Euronext GROWTH*,,France,No,
BLUE SHARK POWER,MLBSP,FR0013340973,Euronext Access**,,France,No,
BODY ONE,MLONE,FR0010106039,Euronext Access**,,France,No,
BOIRON,BOI,FR0000061129,EURONEXT,A,France,No,
BONE THERAPEUTICS,BOTHE,BE0974280126,EURONEXT,C,Belgium,No,
BOURSE DIRECT,BSD,FR0000074254,EURONEXT,C,France,No,
BUDGET TELECOM,ALBUD,FR0004172450,Euronext GROWTH*,,France,No,
BUSINESS & DECISION,BND,FR0000078958,EURONEXT,C,France,No,
CAFOM,CAFO,FR0010151589,EURONEXT,C,France,No,
CANDELA INVEST,CAND,BE0974298300,Euronext GROWTH*,,Belgium,No,
CAPELLI,CAPLI,FR0012969095,EURONEXT,C,France,No,
CARBIOS,ALCRB,FR0011648716,Euronext GROWTH*,,France,No,
CARMAT,ALCAR,FR0010907956,Euronext GROWTH*,,France,No,
CAST,CAS,FR0000072894,EURONEXT,C,France,No,
CBO TERRITORIA,CBOT,FR0010193979,EURONEXT,C,France,No,
CECURITY,MLCEC,FR0010717579,Euronext Access**,,France,No,
CEGID,#N/A,FR0000124703,EURONEXT,B,France,No,
CELL NOVO,CLNV,FR0012633360,EURONEXT,C,France,No,
CELLECTIS,ALCLS,FR0010425595,Euronext GROWTH*,,France,No,
CELYAD,CYAD,BE0974260896,EURONEXT,B,Belgium,No,
CERENIS THERAPEUTICS,CEREN,FR0012616852,EURONEXT,B,France,No,
CERINNOV GROUP,ALPCV,FR0013178712,Euronext GROWTH*,,France,No,
CHARGEURS,CRI,FR0000130692,EURONEXT,C,France,No,
CHAUSSERIA,CHSR,FR0000060907,EURONEXT,C,France,No,
CIOA,MLCIO,FR0012384907,Euronext Access**,,France,No,
CLARANOVA,CLA,FR0004026714,EURONEXT,C,France,No,
CLASQUIN,ALCLA,FR0004152882,Euronext GROWTH*,,France,No,
CLIOBLUE,MLCLI,FR0011092089,Euronext Access**,,France,No,
COFIDUR,ALCOF,FR0013257409,Euronext GROWTH*,,France,No,
COGELEC,COGEC,FR0013335742,EURONEXT,C,France,No,
COMPAGNIE DU MONT BLANC,MLCMB,FR0000060428,Euronext Access**,,France,No,
COMPAGNIE INDUSTRIELLE ET FINANCIERE D’ENTREPRISES CIFE,INFE,FR0000066219,EURONEXT,C,France,No,
COMPAGNIE LEBON,LBON,FR0000121295,EURONEXT,C,France,No,
COURTOIS,COUR,FR0000065393,EURONEXT,C,France,No,
CROSSJECT,ALCJ,FR0011716265,Euronext GROWTH*,,France,No,
CROSSWOOD,CROS,FR0000050395,EURONEXT,C,France,No,
CS - COMMUNICATION & SYSTEMES,SX,FR0007317813,EURONEXT,C,France,No,
CTA HOLDING,MLCTA,FR0000054066,Euronext Access**,,France,No,
CYBERGUN SA,ALCYB,FR0013204351,Euronext GROWTH*,,France,No,
DALENYS,,BE0946620946,EURONEXT,C,Belgium,Yes,radiation - delisted 26/02/2016
DALET,DLT,FR0011026749,EURONEXT,c,France,No,
DAMARTEX,ALDAR,FR0000185423,Euronext GROWTH*,,France,No,
DATBIM,MLDTB,FR0004177939,Euronext Access**,,France,No,
DBT (GROUPE),ALDBT,FR0013066750,Euronext GROWTH*,,France,No,
DBV TECHNOLOGIES,DBV,FR0010417345,EURONEXT,C,France,No,
DEINOVE,ALDEI,FR0010879056,Euronext GROWTH*,,France,No,
DELFINGEN,ALDEL,FR0000054132,Euronext GROWTH*,,France,No,
DELTA PLUS GROUP,#N/A,FR0012928612,EURONEXT,C,France,No,
DEVOTEAM,DVT,FR0000073793,EURONEXT,C,France,No,
DIAGNOSTIC MEDICAL,DGM,FR0012202497,EURONEXT,C,France,No,
DIAXONHIT,#N/A,FR0004054427,Euronext GROWTH*,,France,No,
DIGIGRAM,DIG,FR0000035784,EURONEXT,C,France,No,
DIRECT ENERGIE,,FR0004191674,Euronext GROWTH*,,France,Yes,radiation - delisted 27/09/2018
DL SOFTWARE,,FR0010357079,Euronext GROWTH*,,France,Yes,radiation - delisted 18/07/2017
DLSI GROUPE,ALDLS,FR0010404368,Euronext GROWTH*,,France,No,
DOLPHIN INTEGRATION,ALDOL,FR0004022754,Euronext GROWTH*,,France,No,
DONTNOD Entertainment SA,#N/A,FR0013331212 ,Euronext GROWTH*,,France,No,
DRONE VOLT,ALDR,FR0011522168,Euronext Access**,,France,No,
EASYVISTA,ALEZV,FR0010246322,Euronext GROWTH*,,France,No,
ECA,ECASA,FR0010099515,EURONEXT,C,France,No,
ECOSLOPS,ALESA,FR0011490648,Euronext GROWTH*,,France,No,
EGIDE,GID,FR0000072373,EURONEXT,C,France,No,
EKINOPS,EKI,FR0011466069,EURONEXT,C,France,No,
ENENSYS,ALNN6,FR0013330792,Euronext GROWTH*,,France,No,
ENERTIME,ALENE,FR0011915339,Euronext GROWTH*,,France,No,
ENTREPARTICULIERS.COM,ALENT,FR0010424697,Euronext GROWTH*,,France,No,
ENVIRONNEMENT SA,ALTEV,FR0010278762,Euronext GROWTH*,,France,No,
EO2 ,ALEO2,FR0010465534,Euronext GROWTH*,,France,No,
EON MOTORS GROUP,,FR0011612837,Euronext Access**,,France,Yes,radiation - delisted 03/04/2018
EOS IMAGING,EOSI,FR0011191766,EURONEXT,C,France,No,
EPC GROUP,EPCP,FR0000037343,EURONEXT,C,France,No,
ERYTECH PHARMA,ERYP,FR0011471135,EURONEXT,C,France,No,
ESI GROUP,ESI,FR0004110310,EURONEXT,C,France,No,
ESKER,ALESK,FR0000035818,Euronext GROWTH*,,France,No,
EUROBIO-SCIENTIFIC,ALERS,FR0013240934,Euronext GROWTH*,,France,No,
EUROGERM,ALGEM,FR0010452474,Euronext GROWTH*,,France,No,
EUROMEDIS GROUPE,EMG,FR0000075343,EURONEXT,C,France,No,
EUROPLASMA,ALEUP,FR0000044810,Euronext GROWTH*,,France,No,
EUTELSAT,ETL,FR0010221234,EURONEXT,A,France,No,
EVOLIS,ALTVO,FR0004166197,Euronext GROWTH*,,France,No,
EVS BROADCAST EQUIPMENT,EVS,BE0003820371,EURONEXT,B,Belgium,No,
EXACOMPTA CLAIREFONTAINE,#N/A,FR0000064164 ,EURONEXT,C,France,No,
EXEL INDUSTRIES,EXE,FR0004527638,EURONEXT,B,France,No,
FERMENTALG,FALG,FR0011271600,EURONEXT,C,France,No,
FIGEAC AERO,FGA,FR0011665280,Euronext GROWTH*,,France,No,
FILAE,ALFIL,FR0010221069,Euronext GROWTH*,,France,No,
FLEURY MICHON,FLE,FR0000074759,EURONEXT,B,France,No,
FOCUS HOME INTERACTIVE,ALFOC,FR0012419307,Euronext GROWTH*,,France,No,
FONCIERE VOLTA,SPEL,FR0000053944,EURONEXT,C,France,No,
FOUNTAINE PAJOT,ALFPC,FR0010485268,Euronext GROWTH*,,France,No,
FRANCAISE DE L ENERGIE,LFDE,FR0013030152,EURONEXT,C,France,No,
FRANCK DEVILLE,MLFDV,FR0012300424,Euronext Access**,,France,No,
GAUMONT,GAM,FR0000034894,EURONEXT,B,France,No,
GECI INTL,GECP,FR0000079634,EURONEXT,C,France,No,
GENERIX,GENX,FR0010501692,EURONEXT,C,France,No,
GENFIT,GNFT,FR0004163111,Euronext GROWTH*,,France,No,
GENOMIC VISION,GV,FR0011799907,EURONEXT,C,France,No,
GENOWAY,ALGEN,FR0004053510,Euronext GROWTH*,,France,No,
GenSight Biologics,SIGHT,FR0013183985,EURONEXT,B,France,No,
GENTICEL,GKTX,FR0011790542,EURONEXT,C,France,No,
GERARD PERRIER,PERR,FR0000061459,EURONEXT,C,France,No,
GET LINK SE ( ex EUROTUNNEL),GET,FR0010533075,EURONEXT,A,France,No,
GL EVENTS,GLO,FR0000066672,EURONEXT,B,France,No,
GLOBAL BIOENERGIES,ALGBE,FR0011052257,Euronext GROWTH*,,France,No,
GLOBAL ECOPOWER,ALGEP,FR0011289198,Euronext GROWTH*,,France,No,
GOUR MEDICAL,MLGML,CH0342399851,Euronext Access**,,France,No,
GRAINES VOLTZ,GRVO,FR0000065971,EURONEXT,C,France,No,
GROUPE ARTEA,ARTE,FR0012185536,EURONEXT,C,France,No,
GROUPE BOGART,JBOG,FR0012872141,EURONEXT,B,France,No,
GROUPE GORGE,GOE,FR0000062671,EURONEXT,B,France,No,
GROUPE GUILLIN,ALGIL,FR0012819381,Euronext GROWTH*,,France,No,
GROUPE OPEN,OPN,FR0004050300,EURONEXT,C,France,No,
GROUPE PAROT (AUTO),ALPAR,FR0013204070,Euronext GROWTH*,,France,No,
GROUPE PARTOUCHE,PARP,FR0012612646,EURONEXT,C,France,No,
GROUPE SFPI,SFPI,FR0004155000,EURONEXT,C,France,No,
GUERBET,GBT,FR0000032526,EURONEXT,B,France,No,
HARVEST,ALHVS,FR0010207795,Euronext GROWTH*,,France,No,
HAULOTTE GROUP,PIG,FR0000066755,EURONEXT,B,France,No,
HERIGE,ALHRG,FR0000066540,Euronext GROWTH*,,France,No,
HF COMPANY,HF,FR0000038531,EURONEXT,C,France,No,
HIPAY,HIPAY,FR0012821916,EURONEXT,C,France,No,
HOPSCOTCH GROUPE,HOP,FR0000065278,EURONEXT,C,France,No,
HORIZONTAL SOFTWARE SA,ALHSW,FR0013219367,Euronext GROWTH*,,France,No,
HYBRIGENICS,ALHYG,FR0004153930,Euronext GROWTH*,,France,No,
ICERAM,ALICR,FR0011511971,Euronext GROWTH*,,France,No,
IDI,IDIP,FR0000051393,EURONEXT,B,France,No,
IGE+XAO,IGE,FR0000030827,EURONEXT,C,France,No,
IMPLANET,ALIMP,FR0010458729,Euronext GROWTH*,,France,No,
INFOTEL,INF,FR0000071797,EURONEXT,C,France,No,
INNATE PHARMA,IPH,FR0010331421,EURONEXT,B,France,No,
INNOVEOX,,FR0011066885,Euronext GROWTH*,,France,Yes,Radiation - Delisted 17/01/2018
INSIDE SECURE,INSD,FR0010291245,EURONEXT,C,France,No,
INTEGRAGEN,ALINT,FR0010908723,Euronext GROWTH*,,France,No,
INTERPARFUMS,ITP,FR0004024222,EURONEXT,B,France,No,
INTRASENSE,ALINS,FR0011179886,Euronext GROWTH*,,France,No,
INVENTIVA,IVA,FR0013233012,EURONEXT,B,France,No,
INVIBES,ALINV,BE0974299316,Euronext Access**,,France,No,
IPSEN,IPN,FR0010259150,EURONEXT,A,France,No,
ITESOFT,ITE,FR0004026151,EURONEXT,C,France,No,
ITS GROUP,ITS,FR0000073843,EURONEXT,C,France,No,
JACQUES BOGART,JBOG,FR0012872141,EURONEXT,C,France,No,
JACQUET METAL SCE,JCQ,FR0000033904,EURONEXT,B,France,No,
KALRAY SA,ALKAL,FR0010722819,Euronext GROWTH*,,France,No,
KAUFMAN ET BROAD,#N/A,FR0004007813 ,EURONEXT,B,France,No,
KERLINK,ALKLK,FR0013156007,Euronext GROWTH*,,France,No,
KEYRUS,KEY,FR0004029411,EURONEXT,C,France,No,
KEYYO,ALKEY,FR0000185621,Euronext GROWTH*,,France,No,
KINDY,#N/A,FR0000052904,EURONEXT,C,France,No,
KKO INTERNATIONAL,#N/A,BE0974284169,Euronext GROWTH*,,Belgium,No,
LA FONCIERE VERTE,LFVE,FR0000039638,EURONEXT,C,France,No,
LACROIX,LACR,FR0000066607,EURONEXT,C,France,No,
LANSON-BCC,LAN,FR0004027068,EURONEXT,B,France,No,
LATECOERE,LAT,FR0000032278,EURONEXT,C,France,No,
LAURENT-PERRIER,LPE,FR0006864484,EURONEXT,B,France,No,
LDLC.COM,LDL,FR0000075442,EURONEXT,C,France,No,
LE BELIER,BELI,FR0000072399,EURONEXT,B,France,No,
LE NOBLE AGE,LNA,FR0004170017,EURONEXT,C,France,No,
LE TANNEUR & CIE,LTAN,FR0000075673,EURONEXT,C,France,No,
LEADMEDIA GROUP,ALTBG,FR0011053636,Euronext GROWTH*,,France,No,
LECTRA,LSS,FR0000065484,EURONEXT,B,France,No,
LES HOTELS BAVEREZ,ALLHB,FR0007080254,Euronext GROWTH*,,France,No,
LES NOUVEAUX CONSTRUCTEURS,LNC,FR0004023208,EURONEXT,B,France,No,
LINEDATA SERVICES,LIN,FR0004156297,EURONEXT,B,France,No,
LUCIBEL,ALUCI,FR0011884378,Euronext GROWTH*,,France,No,
LUMIBIRD (ex QUANTEL),LBIRD,FR0000038242,EURONEXT,C,France,No,
LYSOGENE SA,LYS,FR0013233475,EURONEXT,C,France,No,
M2I,#N/A,FR0013270626 ,Euronext GROWTH*,,France,No,
MADE,MLMAD,FR0010328302,Euronext Access**,,France,No,
MADVERTISE ( ex -MOBILE NETWORK GROUP),ALMNG,FR0010812230,Euronext GROWTH*,,France,No,
MAINSTAY MEDICAL ,MSTY,IE00BJYS1G50,EURONEXT,C,France,No,
MAISONS FRANCE CONFORT,MFC,FR0004159473,EURONEXT,B,France,No,
MAKHEIA,ALMAK,FR0000072993,Euronext GROWTH*,,France,No,
MANITOU,MTU,FR0000038606,EURONEXT,B,France,No,
MANUTAN INTL,MAN,FR0000032302,EURONEXT,B,France,No,
Marie Brizard Wine & Spirits (MBWS),MBWS,FR0000060873,EURONEXT,B,France,No,
MASTRAD,ALMAS,FR0004155687,Euronext GROWTH*,,France,No,
MAUNA KEA,MKEA,FR0010609263,EURONEXT,C,France,No,
MAUREL & PROM,MAU,FR0000051070,EURONEXT,A,France,No,
MCPHY ENERGY,MCPHY,FR0011742329,EURONEXT,C,France,No,
MECELEC COMPOSITES,ALMEC,FR0000061244,Euronext Access**,,France,No,
MEDASYS,MED,FR0000052623,EURONEXT,C,France,No,
MEDIAN TECHNOLOGIES,ALMDT,FR0011049824,Euronext GROWTH*,,France,No,
MEDIAWAN,MDW,FR0013247137,EURONEXT,B,France,No,
MEDICREA,ALMED,FR0004178572,Euronext GROWTH*,,France,No,
MEDINCELL,MEDCL,FR0004065605,EURONEXT,C,France,No,
MEMSCAP,MEMS,FR0010298620,EURONEXT,C,France,No,
METABOLIC EXPLORER,METEX,FR0004177046,EURONEXT,C,France,No,
METHANOR,ALMET,FR0011217710,Euronext GROWTH*,,France,No,
METHORIOS CAPITAL,ALMTH,IT0004615396,Euronext GROWTH*,,Italy,No,
MGI DIGITAL GRAPHIC,ALMDG,FR0010353888,Euronext GROWTH*,,France,No,
MICROPOLE,MUN,FR0000077570,EURONEXT,C,France,No,
MICROWAVE VISION,ALMIC,FR0004058949,Euronext GROWTH*,,France,No,
MILIBOO,ALMLB,FR0013053535,Euronext GROWTH*,,France,No,
MND GROUP,ALMND,FR0011584549,Euronext GROWTH*,C,France,No,
MOULINVEST,ALMOU,FR0011033083,Euronext GROWTH*,,France,No,
MR BRICOLAGE,MRB,FR0004034320,EURONEXT,C,France,No,
NANOBIOTICS,NANO,FR0011341205,EURONEXT,B,France,No,
NATURE ET LOGIS,MLNAT,FR0013344223,Euronext Access**,,France,No,
NATUREX,,FR0000054694,EURONEXT,B,France,Yes,Radiation - Delisted 18/09/2018
NEOVACS,ALNEV,FR0004032746,Euronext GROWTH*,,France,No,
NETBOOSTER,ALATF,FR0000079683,Euronext GROWTH*,,France,No,
NEURONES,NRO,FR0004050250,EURONEXT,B,France,No,
NEXTEDIA,ALNXT,FR0004171346,Euronext GROWTH*,,France,No,
NICOX,COX,FR0013018124,EURONEXT,B,France,No,
NOTREFAMILLE.COM,ALFIL,FR0010221069,Euronext GROWTH*,,France,No,
NOVACYT,ALNOV,FR0010397232,Euronext GROWTH*,,France,No,
NRJ GROUP,NRG,FR0000121691,EURONEXT,B,France,No,
OBER,ALOBR,FR0010330613,Euronext GROWTH*,,France,No,
OCEASOFT,ALOCA,FR0012407096,Euronext GROWTH*,,France,No,
OCTO TECHNOLOGY,,FR0004157428,Euronext GROWTH*,,France,Yes,Radiation - Delisted 28/02/2017
OCTOPUS ROBOTS,MLOCT,FR0013310281,Euronext Access**,,France,No,
ONCODESIGN,ALONC,FR0011766229,Euronext GROWTH*,,France,No,
ONE EXPERIENCE,MLOEX,FR0013266772,Euronext Access**,,France,No,
ONXEO,ONXEO,FR0010095596,EURONEXT,B,France,No,
ORAPI,ORAP,FR0000075392,EURONEXT,C,France,No,
ORCHESTRA PREMAMAN,KAZI,FR0013190410,EURONEXT,B,France,No,
ORDISSIMO,ALORD,FR0013318052,Euronext GROWTH*,,France,No,
OREGE,OREGE,FR0010609206,EURONEXT,C,France,No,
OSE PHARMA,OSE,FR0012127173,EURONEXT,C,France,No,
OSMOZIS,ALOSM,FR0013231180,Euronext GROWTH*,,France,No,
OXATIS,ALOXA,FR0013328184,Euronext GROWTH*,,France,No,
PARFEX,MLPFX,FR0000185928,Euronext Access**,,France,No,
PARROT,PARRO,FR0004038263,EURONEXT,B,France,No,
PCAS,PCA,FR0000053514,EURONEXT,C,France,No,
PHARMAGEST INTERACTIVE,PHA,FR0012882389,EURONEXT,B,France,No,
PHARNEXT,ALPHA,FR0011191287,Euronext GROWTH*,,France,No,
PIXIUM VISION,PIX,FR0011950641,EURONEXT,C,France,No,
PLANET MEDIA (ex-PLANET.FR),ALPLA,FR0010211037,Euronext GROWTH*,,France,No,
PLANT ADVANCED T.,ALPAT,FR0010785790,Euronext GROWTH*,,France,No,
PLAST.VAL LOIRE ,PVL,FR0013252186,EURONEXT,C,France,No,
POUJOULAT,ALPJT,FR0000066441,Euronext GROWTH*,,France,No,
POULAILLON,ALPOU,FR0013015583,Euronext GROWTH*,,France,No,
POXEL,POXEL,FR0012432516,EURONEXT,B,France,No,
PRECIA,PREC,FR0000060832,EURONEXT,C,France,No,
PREDILIFE,#N/A,FR0010169920 ,Euronext GROWTH*,,France,No,
PRISMAFLEX INTERNATIONAL,ALPRI,FR0004044600,EURONEXT,C,France,No,
PRODWARE,ALPRO,FR0010313486,Euronext GROWTH*,,France,No,
PRODWAYS,PWG,FR0012613610,EURONEXT,B,France,No,
PROLOGUE,PROL,FR0010380626,EURONEXT,C,France,No,
PSB INDUSTRIE,PSB,FR0000060329,EURONEXT,C,France,No,
QUANTUM GENOMICS,ALQGC,FR0011648971,Euronext GROWTH*,,France,No,
QWAMPLIFY (ex CUSTOM SOLUTIONS),ALQWA,FR0010889386,Euronext GROWTH*,,France,No,
REALITES,ALREA,FR0011858190,Euronext GROWTH*,,France,No,
REWORLD MEDIA,ALREW,FR0010820274,Euronext GROWTH*,,France,No,
RIBER,RIB,FR0000075954,EURONEXT,C,France,No,
ROBERTET SA,RBT,FR0000039091,EURONEXT,B,France,No,
ROCHE BOBOIS,RBO,FR0013344173,EURONEXT,B,France,No,
ROCTOOL,ALROC,FR0010523167,Euronext GROWTH*,,France,No,
ROUGIER,ALRGR,FR0000037640,Euronext GROWTH*,,France,No,
SABETON,SABE,FR0000060121,EURONEXT,C,France,No,
SAFE ORTHOPAEDICS,SAFOR,FR0012452746,EURONEXT,C,France,No,
SBT,MLSBT,FR0004175222,Euronext Access**,,France,No,
SECHE ENVIRONNEMENT,SCHP,FR0000039109,EURONEXT,B,France,No,
SENSORION,ALSEN,FR0012596468,Euronext GROWTH*,,France,No,
SERGEFERRARI GROUP,SEFER,FR0011950682,EURONEXT,C,France,No,
SES IMAGOTAG (ex Store Electronic Systems),SESL,FR0010282822,EURONEXT,C,France,No,
SIDETRADE,ALBFR,FR0010202606,Euronext GROWTH*,,France,No,
SIGNAUX GIROD,GIRO,FR0000060790,EURONEXT,C,France,No,
SII,SII,FR0000074122,EURONEXT,C,France,No,
SOFT COMPUTING,SFT,FR0000075517,EURONEXT,C,France,No,
SOGECLAIR,SOG,FR0000065864,EURONEXT,C,France,No,
SOITEC,SOI,FR0013227113,EURONEXT,B,France,No,
SOLOCAL GOUP,LOCAL,FR0012938884,EURONEXT,B,France,No,
SOLUCOM,#N/A,FR0004036036,EURONEXT,C,France,No,
SOLUTIONS 30 SE,#N/A,FR0013188844,Euronext GROWTH*,,France,No,
SPINEGUARD,ALSGD,FR0011464452,Euronext GROWTH*,,France,No,
SPINEWAY,ALSPW,FR0011398874,Euronext GROWTH*,,France,No,
SQLI,SQI,FR0011289040,EURONEXT,C,France,No,
SRP GROUPE,SRP,FR0013006558,EURONEXT,B,France,No,
STEAM,MLSTM,FR0013063559,Euronext Access**,,France,No,
STENTYS,STNT,FR0010949404,EURONEXT,C,France,No,
STRADIM,ALSAS,FR0000074775,Euronext GROWTH*,,France,No,
STREAMWIDE,ALSTW,FR0010528059,Euronext GROWTH*,,France,No,
SUPERSONIC IMAGINE,SSI,FR0010526814,EURONEXT,B,France,No,
SWORD GROUP,SWP,FR0004180578,EURONEXT,B,Luxemburg,No,
TECHNOFIRST,ALFST,FR0011651819,Euronext GROWTH*,,France,No,
TESSI,TES,FR0004529147,EURONEXT,B,France,No,
TFF GROUP,#N/A,FR0000071904,EURONEXT,B,France,No,
THERACLION,ALTHE,FR0010120402,Euronext GROWTH*,,France,No,
THERADIAG,ALTER,FR0004197747,Euronext GROWTH*,,France,No,
THERANEXUS,ALTHX,FR0013286259,Euronext GROWTH*,,France,No,
THERMADOR GROUPE,#N/A,FR0000061111,EURONEXT,B,France,No,
TIPIAK,TIPI,FR0000066482,EURONEXT,C,France,No,
TIVOLY,TVLY,FR0000060949,EURONEXT,C,France,No,
TOUAX,TOUP,FR0000033003,EURONEXT,C,France,No,
TOUPARGEL GROUPE,TOU,FR0000039240,EURONEXT,C,France,No,
TRAQUEUR,ALTRA,FR0004043487,Euronext GROWTH*,,France,No,
TRIGANO,TRI,FR0005691656,EURONEXT,B,France,No,
TRONICS ,ALTRO,FR0004175099,Euronext GROWTH*,,France,No,
TXCELL,#N/A,FR0010127662,EURONEXT,C,France,No,
U10,ALU10,FR0000079147,EURONEXT,C,France,No,
UCAR,ALUCR,FR0011070457,Euronext GROWTH*,,France,No,
UMANIS,#N/A,FR0010949388,Euronext GROWTH*,,France,No,
UPERGY,ALUPG,FR0010337865,Euronext GROWTH*,,France,No,
UV GERMI,ALUVI,FR0011898584,Euronext GROWTH*,,France,No,
VALBIOTIS,ALVAL,FR0013254851,Euronext GROWTH*,,France,No,
VALNEVA,VLA,FR0004056851,EURONEXT,B,France,No,
VALTECH,,FR0011505163,EURONEXT,C,France,Yes,Radiation-Delisted  15/02/2017
VELCAN HOLDINGS,ALVEL,FR0010245803,Euronext GROWTH*,,France,No,
VENTE-UNIQUE.COM,ALVU,FR0010766667,Euronext GROWTH*,,France,No,
VERNEY-CARRON ,MLVER,FR0006174496,Euronext Access**,,France,No,
VETOQUINOL,VETO,FR0004186856,EURONEXT,B,France,No,
VEXIM,,FR0011072602,Euronext GROWTH*,,France,Yes,Radiation - delisted 24/04/2018
VIADEO,,FR0010325241,EURONEXT,C,France,Yes,Radiation - delisted 18/07/2017
VIRBAC,VIRP,FR0000031577,EURONEXT,A,France,No,
VISIATIV,ALVIV,FR0004029478,Euronext GROWTH*,,France,No,
VISIOMED GROUP ,ALVMG,FR0011067669,Euronext GROWTH*,,France,No,
VM MATERIAUX,ALHRG,FR0000066540,EURONEXT,C,France,No,
VOGO,#N/A, FR0011532225,Euronext GROWTH*,,France,No,
VOLUNTIS,VTX,FR0004183960,EURONEXT,C,France,No,
VOYAGEURS DU MONDE,ALVDM,FR0004045847,Euronext GROWTH*,,France,No,
VRANKEN-POMMERY,VRAP,FR0000062796,EURONEXT,B,France,No,
WALLIX,ALLIX,FR0010131409,Euronext GROWTH*,,France,No,
WE.CONNECT,ALWEC,FR0013079092,Euronext GROWTH*,,France,No,
WEACCESS,MLWEA,FR0010688465,Euronext Access**,,France,No,
WEBORAMA,ALWEB,FR0010337444,Euronext GROWTH*,,France,No,
WITBE,ALWIT,FR0013143872,Euronext GROWTH*,,France,No,
XILAM,XIL,FR0004034072,EURONEXT,C,France,No,
YMAGIS,MAGIS,FR0011471291,EURONEXT,C,France,No,
